{
  "overall": {
    "accuracy": 0.23059393248824953,
    "n": 14042
  },
  "per_subject": {
    "abstract_algebra": {
      "accuracy": 0.22,
      "n": 100
    },
    "anatomy": {
      "accuracy": 0.18518518518518517,
      "n": 135
    },
    "astronomy": {
      "accuracy": 0.18421052631578946,
      "n": 152
    },
    "business_ethics": {
      "accuracy": 0.31,
      "n": 100
    },
    "clinical_knowledge": {
      "accuracy": 0.22264150943396227,
      "n": 265
    },
    "college_biology": {
      "accuracy": 0.2638888888888889,
      "n": 144
    },
    "college_chemistry": {
      "accuracy": 0.2,
      "n": 100
    },
    "college_computer_science": {
      "accuracy": 0.24,
      "n": 100
    },
    "college_mathematics": {
      "accuracy": 0.21,
      "n": 100
    },
    "college_medicine": {
      "accuracy": 0.20809248554913296,
      "n": 173
    },
    "college_physics": {
      "accuracy": 0.21568627450980393,
      "n": 102
    },
    "computer_security": {
      "accuracy": 0.28,
      "n": 100
    },
    "conceptual_physics": {
      "accuracy": 0.26382978723404255,
      "n": 235
    },
    "econometrics": {
      "accuracy": 0.24561403508771928,
      "n": 114
    },
    "electrical_engineering": {
      "accuracy": 0.22758620689655173,
      "n": 145
    },
    "elementary_mathematics": {
      "accuracy": 0.21164021164021163,
      "n": 378
    },
    "formal_logic": {
      "accuracy": 0.2857142857142857,
      "n": 126
    },
    "global_facts": {
      "accuracy": 0.18,
      "n": 100
    },
    "high_school_biology": {
      "accuracy": 0.18387096774193548,
      "n": 310
    },
    "high_school_chemistry": {
      "accuracy": 0.17733990147783252,
      "n": 203
    },
    "high_school_computer_science": {
      "accuracy": 0.25,
      "n": 100
    },
    "high_school_european_history": {
      "accuracy": 0.22424242424242424,
      "n": 165
    },
    "high_school_geography": {
      "accuracy": 0.18181818181818182,
      "n": 198
    },
    "high_school_government_and_politics": {
      "accuracy": 0.19170984455958548,
      "n": 193
    },
    "high_school_macroeconomics": {
      "accuracy": 0.20512820512820512,
      "n": 390
    },
    "high_school_mathematics": {
      "accuracy": 0.2037037037037037,
      "n": 270
    },
    "high_school_microeconomics": {
      "accuracy": 0.21008403361344538,
      "n": 238
    },
    "high_school_physics": {
      "accuracy": 0.1986754966887417,
      "n": 151
    },
    "high_school_psychology": {
      "accuracy": 0.1944954128440367,
      "n": 545
    },
    "high_school_statistics": {
      "accuracy": 0.1527777777777778,
      "n": 216
    },
    "high_school_us_history": {
      "accuracy": 0.25,
      "n": 204
    },
    "high_school_world_history": {
      "accuracy": 0.2616033755274262,
      "n": 237
    },
    "human_aging": {
      "accuracy": 0.31390134529147984,
      "n": 223
    },
    "human_sexuality": {
      "accuracy": 0.25190839694656486,
      "n": 131
    },
    "international_law": {
      "accuracy": 0.24793388429752067,
      "n": 121
    },
    "jurisprudence": {
      "accuracy": 0.2777777777777778,
      "n": 108
    },
    "logical_fallacies": {
      "accuracy": 0.2147239263803681,
      "n": 163
    },
    "machine_learning": {
      "accuracy": 0.30357142857142855,
      "n": 112
    },
    "management": {
      "accuracy": 0.17475728155339806,
      "n": 103
    },
    "marketing": {
      "accuracy": 0.2905982905982906,
      "n": 234
    },
    "medical_genetics": {
      "accuracy": 0.3,
      "n": 100
    },
    "miscellaneous": {
      "accuracy": 0.2388250319284802,
      "n": 783
    },
    "moral_disputes": {
      "accuracy": 0.24855491329479767,
      "n": 346
    },
    "moral_scenarios": {
      "accuracy": 0.23798882681564246,
      "n": 895
    },
    "nutrition": {
      "accuracy": 0.2222222222222222,
      "n": 306
    },
    "philosophy": {
      "accuracy": 0.1832797427652733,
      "n": 311
    },
    "prehistory": {
      "accuracy": 0.21604938271604937,
      "n": 324
    },
    "professional_accounting": {
      "accuracy": 0.23404255319148937,
      "n": 282
    },
    "professional_law": {
      "accuracy": 0.24771838331160365,
      "n": 1534
    },
    "professional_medicine": {
      "accuracy": 0.18382352941176472,
      "n": 272
    },
    "professional_psychology": {
      "accuracy": 0.2565359477124183,
      "n": 612
    },
    "public_relations": {
      "accuracy": 0.20909090909090908,
      "n": 110
    },
    "security_studies": {
      "accuracy": 0.17959183673469387,
      "n": 245
    },
    "sociology": {
      "accuracy": 0.24875621890547264,
      "n": 201
    },
    "us_foreign_policy": {
      "accuracy": 0.29,
      "n": 100
    },
    "virology": {
      "accuracy": 0.29518072289156627,
      "n": 166
    },
    "world_religions": {
      "accuracy": 0.3216374269005848,
      "n": 171
    }
  }
}