{
  "overall": {
    "accuracy": 0.2355077624270047,
    "n": 14042
  },
  "per_subject": {
    "abstract_algebra": {
      "accuracy": 0.19,
      "n": 100
    },
    "anatomy": {
      "accuracy": 0.2074074074074074,
      "n": 135
    },
    "astronomy": {
      "accuracy": 0.21710526315789475,
      "n": 152
    },
    "business_ethics": {
      "accuracy": 0.26,
      "n": 100
    },
    "clinical_knowledge": {
      "accuracy": 0.27547169811320754,
      "n": 265
    },
    "college_biology": {
      "accuracy": 0.2986111111111111,
      "n": 144
    },
    "college_chemistry": {
      "accuracy": 0.21,
      "n": 100
    },
    "college_computer_science": {
      "accuracy": 0.29,
      "n": 100
    },
    "college_mathematics": {
      "accuracy": 0.21,
      "n": 100
    },
    "college_medicine": {
      "accuracy": 0.23121387283236994,
      "n": 173
    },
    "college_physics": {
      "accuracy": 0.2549019607843137,
      "n": 102
    },
    "computer_security": {
      "accuracy": 0.24,
      "n": 100
    },
    "conceptual_physics": {
      "accuracy": 0.2553191489361702,
      "n": 235
    },
    "econometrics": {
      "accuracy": 0.21052631578947367,
      "n": 114
    },
    "electrical_engineering": {
      "accuracy": 0.20689655172413793,
      "n": 145
    },
    "elementary_mathematics": {
      "accuracy": 0.21428571428571427,
      "n": 378
    },
    "formal_logic": {
      "accuracy": 0.25396825396825395,
      "n": 126
    },
    "global_facts": {
      "accuracy": 0.2,
      "n": 100
    },
    "high_school_biology": {
      "accuracy": 0.17096774193548386,
      "n": 310
    },
    "high_school_chemistry": {
      "accuracy": 0.20689655172413793,
      "n": 203
    },
    "high_school_computer_science": {
      "accuracy": 0.27,
      "n": 100
    },
    "high_school_european_history": {
      "accuracy": 0.2545454545454545,
      "n": 165
    },
    "high_school_geography": {
      "accuracy": 0.1717171717171717,
      "n": 198
    },
    "high_school_government_and_politics": {
      "accuracy": 0.20725388601036268,
      "n": 193
    },
    "high_school_macroeconomics": {
      "accuracy": 0.25384615384615383,
      "n": 390
    },
    "high_school_mathematics": {
      "accuracy": 0.22592592592592592,
      "n": 270
    },
    "high_school_microeconomics": {
      "accuracy": 0.226890756302521,
      "n": 238
    },
    "high_school_physics": {
      "accuracy": 0.17218543046357615,
      "n": 151
    },
    "high_school_psychology": {
      "accuracy": 0.1981651376146789,
      "n": 545
    },
    "high_school_statistics": {
      "accuracy": 0.16203703703703703,
      "n": 216
    },
    "high_school_us_history": {
      "accuracy": 0.2549019607843137,
      "n": 204
    },
    "high_school_world_history": {
      "accuracy": 0.2489451476793249,
      "n": 237
    },
    "human_aging": {
      "accuracy": 0.30493273542600896,
      "n": 223
    },
    "human_sexuality": {
      "accuracy": 0.22900763358778625,
      "n": 131
    },
    "international_law": {
      "accuracy": 0.256198347107438,
      "n": 121
    },
    "jurisprudence": {
      "accuracy": 0.2777777777777778,
      "n": 108
    },
    "logical_fallacies": {
      "accuracy": 0.24539877300613497,
      "n": 163
    },
    "machine_learning": {
      "accuracy": 0.2857142857142857,
      "n": 112
    },
    "management": {
      "accuracy": 0.21359223300970873,
      "n": 103
    },
    "marketing": {
      "accuracy": 0.2606837606837607,
      "n": 234
    },
    "medical_genetics": {
      "accuracy": 0.25,
      "n": 100
    },
    "miscellaneous": {
      "accuracy": 0.2503192848020434,
      "n": 783
    },
    "moral_disputes": {
      "accuracy": 0.24566473988439305,
      "n": 346
    },
    "moral_scenarios": {
      "accuracy": 0.23687150837988827,
      "n": 895
    },
    "nutrition": {
      "accuracy": 0.25163398692810457,
      "n": 306
    },
    "philosophy": {
      "accuracy": 0.2090032154340836,
      "n": 311
    },
    "prehistory": {
      "accuracy": 0.18209876543209877,
      "n": 324
    },
    "professional_accounting": {
      "accuracy": 0.25177304964539005,
      "n": 282
    },
    "professional_law": {
      "accuracy": 0.2522816166883963,
      "n": 1534
    },
    "professional_medicine": {
      "accuracy": 0.1948529411764706,
      "n": 272
    },
    "professional_psychology": {
      "accuracy": 0.26143790849673204,
      "n": 612
    },
    "public_relations": {
      "accuracy": 0.2,
      "n": 110
    },
    "security_studies": {
      "accuracy": 0.17551020408163265,
      "n": 245
    },
    "sociology": {
      "accuracy": 0.29850746268656714,
      "n": 201
    },
    "us_foreign_policy": {
      "accuracy": 0.27,
      "n": 100
    },
    "virology": {
      "accuracy": 0.25301204819277107,
      "n": 166
    },
    "world_religions": {
      "accuracy": 0.27485380116959063,
      "n": 171
    }
  }
}