{
  "overall": {
    "accuracy": 0.23016664292835778,
    "n": 14042
  },
  "per_subject": {
    "abstract_algebra": {
      "accuracy": 0.2,
      "n": 100
    },
    "anatomy": {
      "accuracy": 0.22962962962962963,
      "n": 135
    },
    "astronomy": {
      "accuracy": 0.17763157894736842,
      "n": 152
    },
    "business_ethics": {
      "accuracy": 0.28,
      "n": 100
    },
    "clinical_knowledge": {
      "accuracy": 0.22264150943396227,
      "n": 265
    },
    "college_biology": {
      "accuracy": 0.2708333333333333,
      "n": 144
    },
    "college_chemistry": {
      "accuracy": 0.2,
      "n": 100
    },
    "college_computer_science": {
      "accuracy": 0.27,
      "n": 100
    },
    "college_mathematics": {
      "accuracy": 0.2,
      "n": 100
    },
    "college_medicine": {
      "accuracy": 0.2138728323699422,
      "n": 173
    },
    "college_physics": {
      "accuracy": 0.20588235294117646,
      "n": 102
    },
    "computer_security": {
      "accuracy": 0.29,
      "n": 100
    },
    "conceptual_physics": {
      "accuracy": 0.26382978723404255,
      "n": 235
    },
    "econometrics": {
      "accuracy": 0.21929824561403508,
      "n": 114
    },
    "electrical_engineering": {
      "accuracy": 0.2482758620689655,
      "n": 145
    },
    "elementary_mathematics": {
      "accuracy": 0.20899470899470898,
      "n": 378
    },
    "formal_logic": {
      "accuracy": 0.1984126984126984,
      "n": 126
    },
    "global_facts": {
      "accuracy": 0.18,
      "n": 100
    },
    "high_school_biology": {
      "accuracy": 0.18064516129032257,
      "n": 310
    },
    "high_school_chemistry": {
      "accuracy": 0.20689655172413793,
      "n": 203
    },
    "high_school_computer_science": {
      "accuracy": 0.26,
      "n": 100
    },
    "high_school_european_history": {
      "accuracy": 0.21818181818181817,
      "n": 165
    },
    "high_school_geography": {
      "accuracy": 0.17676767676767677,
      "n": 198
    },
    "high_school_government_and_politics": {
      "accuracy": 0.19689119170984457,
      "n": 193
    },
    "high_school_macroeconomics": {
      "accuracy": 0.21025641025641026,
      "n": 390
    },
    "high_school_mathematics": {
      "accuracy": 0.21481481481481482,
      "n": 270
    },
    "high_school_microeconomics": {
      "accuracy": 0.21008403361344538,
      "n": 238
    },
    "high_school_physics": {
      "accuracy": 0.1986754966887417,
      "n": 151
    },
    "high_school_psychology": {
      "accuracy": 0.1853211009174312,
      "n": 545
    },
    "high_school_statistics": {
      "accuracy": 0.1574074074074074,
      "n": 216
    },
    "high_school_us_history": {
      "accuracy": 0.2549019607843137,
      "n": 204
    },
    "high_school_world_history": {
      "accuracy": 0.270042194092827,
      "n": 237
    },
    "human_aging": {
      "accuracy": 0.3094170403587444,
      "n": 223
    },
    "human_sexuality": {
      "accuracy": 0.2595419847328244,
      "n": 131
    },
    "international_law": {
      "accuracy": 0.2644628099173554,
      "n": 121
    },
    "jurisprudence": {
      "accuracy": 0.25925925925925924,
      "n": 108
    },
    "logical_fallacies": {
      "accuracy": 0.22085889570552147,
      "n": 163
    },
    "machine_learning": {
      "accuracy": 0.25892857142857145,
      "n": 112
    },
    "management": {
      "accuracy": 0.18446601941747573,
      "n": 103
    },
    "marketing": {
      "accuracy": 0.2863247863247863,
      "n": 234
    },
    "medical_genetics": {
      "accuracy": 0.27,
      "n": 100
    },
    "miscellaneous": {
      "accuracy": 0.24010217113665389,
      "n": 783
    },
    "moral_disputes": {
      "accuracy": 0.25722543352601157,
      "n": 346
    },
    "moral_scenarios": {
      "accuracy": 0.24022346368715083,
      "n": 895
    },
    "nutrition": {
      "accuracy": 0.21568627450980393,
      "n": 306
    },
    "philosophy": {
      "accuracy": 0.1864951768488746,
      "n": 311
    },
    "prehistory": {
      "accuracy": 0.20987654320987653,
      "n": 324
    },
    "professional_accounting": {
      "accuracy": 0.23404255319148937,
      "n": 282
    },
    "professional_law": {
      "accuracy": 0.24511082138200782,
      "n": 1534
    },
    "professional_medicine": {
      "accuracy": 0.1875,
      "n": 272
    },
    "professional_psychology": {
      "accuracy": 0.25163398692810457,
      "n": 612
    },
    "public_relations": {
      "accuracy": 0.21818181818181817,
      "n": 110
    },
    "security_studies": {
      "accuracy": 0.19183673469387755,
      "n": 245
    },
    "sociology": {
      "accuracy": 0.24378109452736318,
      "n": 201
    },
    "us_foreign_policy": {
      "accuracy": 0.3,
      "n": 100
    },
    "virology": {
      "accuracy": 0.2710843373493976,
      "n": 166
    },
    "world_religions": {
      "accuracy": 0.3391812865497076,
      "n": 171
    }
  }
}