{
  "overall": {
    "accuracy": 0.2304515026349523,
    "n": 14042
  },
  "per_subject": {
    "abstract_algebra": {
      "accuracy": 0.2,
      "n": 100
    },
    "anatomy": {
      "accuracy": 0.18518518518518517,
      "n": 135
    },
    "astronomy": {
      "accuracy": 0.18421052631578946,
      "n": 152
    },
    "business_ethics": {
      "accuracy": 0.32,
      "n": 100
    },
    "clinical_knowledge": {
      "accuracy": 0.2188679245283019,
      "n": 265
    },
    "college_biology": {
      "accuracy": 0.2569444444444444,
      "n": 144
    },
    "college_chemistry": {
      "accuracy": 0.2,
      "n": 100
    },
    "college_computer_science": {
      "accuracy": 0.26,
      "n": 100
    },
    "college_mathematics": {
      "accuracy": 0.21,
      "n": 100
    },
    "college_medicine": {
      "accuracy": 0.20809248554913296,
      "n": 173
    },
    "college_physics": {
      "accuracy": 0.21568627450980393,
      "n": 102
    },
    "computer_security": {
      "accuracy": 0.28,
      "n": 100
    },
    "conceptual_physics": {
      "accuracy": 0.25957446808510637,
      "n": 235
    },
    "econometrics": {
      "accuracy": 0.23684210526315788,
      "n": 114
    },
    "electrical_engineering": {
      "accuracy": 0.2413793103448276,
      "n": 145
    },
    "elementary_mathematics": {
      "accuracy": 0.22486772486772486,
      "n": 378
    },
    "formal_logic": {
      "accuracy": 0.2857142857142857,
      "n": 126
    },
    "global_facts": {
      "accuracy": 0.18,
      "n": 100
    },
    "high_school_biology": {
      "accuracy": 0.1774193548387097,
      "n": 310
    },
    "high_school_chemistry": {
      "accuracy": 0.16748768472906403,
      "n": 203
    },
    "high_school_computer_science": {
      "accuracy": 0.28,
      "n": 100
    },
    "high_school_european_history": {
      "accuracy": 0.21818181818181817,
      "n": 165
    },
    "high_school_geography": {
      "accuracy": 0.18686868686868688,
      "n": 198
    },
    "high_school_government_and_politics": {
      "accuracy": 0.19689119170984457,
      "n": 193
    },
    "high_school_macroeconomics": {
      "accuracy": 0.20256410256410257,
      "n": 390
    },
    "high_school_mathematics": {
      "accuracy": 0.22592592592592592,
      "n": 270
    },
    "high_school_microeconomics": {
      "accuracy": 0.21008403361344538,
      "n": 238
    },
    "high_school_physics": {
      "accuracy": 0.1986754966887417,
      "n": 151
    },
    "high_school_psychology": {
      "accuracy": 0.1908256880733945,
      "n": 545
    },
    "high_school_statistics": {
      "accuracy": 0.1527777777777778,
      "n": 216
    },
    "high_school_us_history": {
      "accuracy": 0.25,
      "n": 204
    },
    "high_school_world_history": {
      "accuracy": 0.270042194092827,
      "n": 237
    },
    "human_aging": {
      "accuracy": 0.3094170403587444,
      "n": 223
    },
    "human_sexuality": {
      "accuracy": 0.2595419847328244,
      "n": 131
    },
    "international_law": {
      "accuracy": 0.2396694214876033,
      "n": 121
    },
    "jurisprudence": {
      "accuracy": 0.2777777777777778,
      "n": 108
    },
    "logical_fallacies": {
      "accuracy": 0.22085889570552147,
      "n": 163
    },
    "machine_learning": {
      "accuracy": 0.3125,
      "n": 112
    },
    "management": {
      "accuracy": 0.17475728155339806,
      "n": 103
    },
    "marketing": {
      "accuracy": 0.2905982905982906,
      "n": 234
    },
    "medical_genetics": {
      "accuracy": 0.32,
      "n": 100
    },
    "miscellaneous": {
      "accuracy": 0.22860791826309068,
      "n": 783
    },
    "moral_disputes": {
      "accuracy": 0.24855491329479767,
      "n": 346
    },
    "moral_scenarios": {
      "accuracy": 0.23798882681564246,
      "n": 895
    },
    "nutrition": {
      "accuracy": 0.2222222222222222,
      "n": 306
    },
    "philosophy": {
      "accuracy": 0.1864951768488746,
      "n": 311
    },
    "prehistory": {
      "accuracy": 0.2191358024691358,
      "n": 324
    },
    "professional_accounting": {
      "accuracy": 0.23404255319148937,
      "n": 282
    },
    "professional_law": {
      "accuracy": 0.2457627118644068,
      "n": 1534
    },
    "professional_medicine": {
      "accuracy": 0.18382352941176472,
      "n": 272
    },
    "professional_psychology": {
      "accuracy": 0.25,
      "n": 612
    },
    "public_relations": {
      "accuracy": 0.21818181818181817,
      "n": 110
    },
    "security_studies": {
      "accuracy": 0.18775510204081633,
      "n": 245
    },
    "sociology": {
      "accuracy": 0.24378109452736318,
      "n": 201
    },
    "us_foreign_policy": {
      "accuracy": 0.28,
      "n": 100
    },
    "virology": {
      "accuracy": 0.27710843373493976,
      "n": 166
    },
    "world_religions": {
      "accuracy": 0.32748538011695905,
      "n": 171
    }
  }
}